id,NOSE_x,NOSE_y,NOSE_z,LEFT_EYE_INNER_x,LEFT_EYE_INNER_y,LEFT_EYE_INNER_z,LEFT_EYE_x,LEFT_EYE_y,LEFT_EYE_z,LEFT_EYE_OUTER_x,LEFT_EYE_OUTER_y,LEFT_EYE_OUTER_z,RIGHT_EYE_INNER_x,RIGHT_EYE_INNER_y,RIGHT_EYE_INNER_z,RIGHT_EYE_x,RIGHT_EYE_y,RIGHT_EYE_z,RIGHT_EYE_OUTER_x,RIGHT_EYE_OUTER_y,RIGHT_EYE_OUTER_z,LEFT_EAR_x,LEFT_EAR_y,LEFT_EAR_z,RIGHT_EAR_x,RIGHT_EAR_y,RIGHT_EAR_z,MOUTH_LEFT_x,MOUTH_LEFT_y,MOUTH_LEFT_z,MOUTH_RIGHT_x,MOUTH_RIGHT_y,MOUTH_RIGHT_z,LEFT_SHOULDER_x,LEFT_SHOULDER_y,LEFT_SHOULDER_z,RIGHT_SHOULDER_x,RIGHT_SHOULDER_y,RIGHT_SHOULDER_z,LEFT_ELBOW_x,LEFT_ELBOW_y,LEFT_ELBOW_z,RIGHT_ELBOW_x,RIGHT_ELBOW_y,RIGHT_ELBOW_z,LEFT_WRIST_x,LEFT_WRIST_y,LEFT_WRIST_z,RIGHT_WRIST_x,RIGHT_WRIST_y,RIGHT_WRIST_z,LEFT_PINKY_x,LEFT_PINKY_y,LEFT_PINKY_z,RIGHT_PINKY_x,RIGHT_PINKY_y,RIGHT_PINKY_z,LEFT_INDEX_x,LEFT_INDEX_y,LEFT_INDEX_z,RIGHT_INDEX_x,RIGHT_INDEX_y,RIGHT_INDEX_z,LEFT_THUMB_x,LEFT_THUMB_y,LEFT_THUMB_z,RIGHT_THUMB_x,RIGHT_THUMB_y,RIGHT_THUMB_z,LEFT_HIP_x,LEFT_HIP_y,LEFT_HIP_z,RIGHT_HIP_x,RIGHT_HIP_y,RIGHT_HIP_z,LEFT_KNEE_x,LEFT_KNEE_y,LEFT_KNEE_z,RIGHT_KNEE_x,RIGHT_KNEE_y,RIGHT_KNEE_z,LEFT_ANKLE_x,LEFT_ANKLE_y,LEFT_ANKLE_z,RIGHT_ANKLE_x,RIGHT_ANKLE_y,RIGHT_ANKLE_z,LEFT_HEEL_x,LEFT_HEEL_y,LEFT_HEEL_z,RIGHT_HEEL_x,RIGHT_HEEL_y,RIGHT_HEEL_z,LEFT_FOOT_INDEX_x,LEFT_FOOT_INDEX_y,LEFT_FOOT_INDEX_z,RIGHT_FOOT_INDEX_x,RIGHT_FOOT_INDEX_y,RIGHT_FOOT_INDEX_z,b6,b82
0,0.526327074,0.325377941,-0.211882025,0.539422929,0.295796156,-0.191816136,0.54628557,0.294957936,-0.191689953,0.552635491,0.293117523,-0.191556543,0.525250673,0.294787347,-0.168636963,0.522182047,0.29344821,-0.168543264,0.519072533,0.291972876,-0.168507725,0.57504046,0.293225586,-0.08585231,0.531072378,0.294753134,0.035538901,0.542936265,0.352722645,-0.176128656,0.524112225,0.352622151,-0.140989318,0.646254897,0.355389833,-0.156556711,0.521296263,0.433375686,0.127645701,0.770861149,0.184479892,-0.529332817,0.387777925,0.559171438,0.139984384,0.622855246,0.30791837,-0.740745902,0.265910625,0.64901799,0.070022486,0.603185952,0.32754156,-0.803319156,0.231967092,0.683271706,0.08843226,0.586035013,0.339922607,-0.754416585,0.235282779,0.683478355,0.035710961,0.596788943,0.340253055,-0.728751898,0.24854219,0.678526223,0.049594134,0.640809178,0.824588954,-0.134428009,0.600322008,0.772327065,0.135003105,0.431315958,0.821247399,-0.322824121,0.436314642,0.594157636,0.372091621,0.210781679,0.830823064,-0.261981636,0.409948945,0.700386822,0.461840659,0.190062851,0.845882654,-0.254362464,0.431304842,0.746268332,0.46687445,0.156910628,0.795875072,-0.340152889,0.257676244,0.651355267,0.380838126,0,54
1,0.442129582,0.212679267,-0.028460832,0.443055391,0.207448572,-0.006429779,0.443633258,0.20765838,-0.006626942,0.448652744,0.213159025,-0.006701434,0.440256953,0.206687078,-0.022132272,0.438842833,0.206979901,-0.022083789,0.432322532,0.206619948,-0.022208733,0.446608394,0.219434589,0.10309346,0.427667648,0.222743228,0.035084594,0.440315664,0.221305251,0.012018959,0.437343389,0.220094368,-0.009501453,0.465410918,0.288245767,0.179956362,0.355322063,0.263611466,-0.034209702,0.520177603,0.340669304,0.19415015,0.324741811,0.248600304,-0.254000902,0.578946829,0.342799366,0.024910014,0.427831203,0.278525978,-0.386512756,0.582413316,0.353991568,0.009794421,0.454788774,0.286465913,-0.430459827,0.580282688,0.34800595,-0.018904489,0.464669406,0.278304398,-0.40680328,0.576018095,0.347545177,0.008867078,0.444060385,0.272823781,-0.380542994,0.472362131,0.577995002,0.100047953,0.406441867,0.594987929,-0.09973646,0.582031369,0.488370836,0.066842094,0.491204917,0.503367245,-0.213195562,0.683307827,0.522863805,0.073963344,0.671402276,0.497688472,-0.120392896,0.690122545,0.540950656,0.069707856,0.691039741,0.513723373,-0.109312005,0.732717931,0.490127563,-0.026205705,0.744185328,0.457773954,-0.179907128,2,32
2,0.492492586,0.278017819,-0.133504227,0.503121853,0.259138376,-0.104930781,0.508531094,0.259192377,-0.10554938,0.51461339,0.261227399,-0.106159136,0.492330551,0.255517095,-0.046809651,0.48988834,0.253279179,-0.046071976,0.485650867,0.250846088,-0.046202421,0.53172797,0.263490885,-0.16629523,0.48926717,0.262887508,-0.019924019,0.502847672,0.301701516,-0.109168395,0.488504916,0.299138248,-0.064685449,0.594892561,0.340812892,-0.22859095,0.466802686,0.37395522,0.053521264,0.709319353,0.266807467,-0.494818658,0.341244251,0.477695316,0.065404437,0.602504015,0.353679478,-0.616129577,0.323894054,0.55577755,-0.038243126,0.605188489,0.369612098,-0.579129219,0.304837316,0.591386199,-0.023965549,0.598127007,0.375361323,-0.631454885,0.305697799,0.589160442,-0.063007027,0.598686993,0.375203937,-0.627301812,0.313966513,0.583011806,-0.05198475,0.590006828,0.756224453,0.085489899,0.540739655,0.720944822,-0.084094405,0.496894807,0.714837372,-0.204712749,0.475573301,0.713116765,0.310913503,0.290395111,0.756624103,0.018570278,0.286979288,0.755456865,0.629718363,0.27289626,0.772134185,-0.067472585,0.281838447,0.750782788,0.65045917,0.241162479,0.70166415,-0.09317112,0.549368143,0.648323953,0.617237389,3,43
3,0.446243197,0.212577999,0.223287508,0.452629507,0.206707686,0.263340801,0.455851883,0.207022414,0.263194591,0.458896875,0.206861362,0.263278246,0.44128716,0.206207126,0.242453024,0.436359167,0.206435636,0.242450103,0.430814743,0.206190318,0.242221072,0.457476288,0.216143116,0.428514242,0.415334135,0.213415965,0.326583087,0.450774372,0.229935944,0.281326652,0.434714973,0.230304047,0.251872897,0.484034151,0.293450236,0.460155368,0.348014295,0.232075825,0.209226742,0.509571195,0.339479983,0.3342053,0.309055805,0.245379865,-0.063547187,0.497472823,0.307354599,0.009431886,0.441062719,0.301202983,-0.260595083,0.501837671,0.306416929,-0.03420398,0.464437753,0.302256614,-0.311149061,0.498524815,0.322541505,-0.046000399,0.471017003,0.294942766,-0.281657428,0.49452433,0.314663202,-0.003831585,0.458871961,0.297627658,-0.250921667,0.46615085,0.538857102,0.110445403,0.388673782,0.530243099,-0.110316299,0.569676697,0.376194447,-0.149975196,0.442385435,0.349165559,-0.36983192,0.677638352,0.502114832,-0.408686578,0.624978244,0.481775492,-0.592127562,0.68863076,0.543136537,-0.45176965,0.637739241,0.50063771,-0.613306224,0.724064767,0.469429642,-0.582790852,0.712443471,0.465796322,-0.69602561,4,56
4,0.494613349,0.281619549,0.102912277,0.505410135,0.262382597,0.07291846,0.511159539,0.262153387,0.072906077,0.516330063,0.260675967,0.072936833,0.490335882,0.261904538,0.108924977,0.484418243,0.261707366,0.109057359,0.477397919,0.26113981,0.109012626,0.526342034,0.265152246,-0.008001755,0.477015108,0.266358942,0.131459147,0.507172585,0.29876098,0.065591812,0.484906584,0.303026319,0.112877317,0.542023182,0.417843431,-0.023617899,0.580277622,0.363958925,0.163124189,0.581559777,0.294489592,-0.263586372,0.581793427,0.368292809,0.006854652,0.575079024,0.342295587,-0.172885284,0.535676181,0.404676348,-0.100882821,0.560279131,0.363901794,-0.196098551,0.526334405,0.414839,-0.101926342,0.548731446,0.378214568,-0.172030762,0.525216699,0.431530744,-0.027596269,0.555887997,0.370375931,-0.162393928,0.524863482,0.429293364,-0.024537979,0.584304452,0.706644118,-0.04949528,0.536093771,0.702324808,0.050510749,0.54760778,0.592568517,-0.232911229,0.466566145,0.630618513,0.251105934,0.351488978,0.728542686,-0.011122028,0.418740541,0.687134087,0.27713564,0.415332884,0.75524658,0.020354629,0.459058136,0.705893457,0.278158158,0.287146479,0.677206755,0.047467574,0.329785109,0.648541093,0.262780428,5,45
5,0.447473079,0.232452244,0.204658315,0.450118065,0.222404927,0.239435852,0.453567982,0.225344509,0.239230901,0.456779748,0.225748539,0.239241764,0.438396454,0.220844746,0.216104388,0.43341288,0.220678091,0.216041923,0.427821994,0.2201581,0.21584703,0.4491328,0.232456416,0.397650063,0.408007234,0.223410144,0.290272295,0.449366808,0.251925945,0.26235798,0.43212387,0.248380274,0.23082377,0.472242266,0.311404616,0.443249226,0.344526082,0.239339888,0.201129034,0.518874407,0.363462627,0.391957313,0.317737222,0.24977003,0.009571865,0.533514977,0.323337376,0.149038017,0.446612716,0.294917703,-0.07100334,0.543687463,0.310128152,0.110613175,0.472872585,0.290032685,-0.096390069,0.537818193,0.322835147,0.092887349,0.477401197,0.284608513,-0.074841186,0.531209409,0.316019416,0.134349823,0.467680782,0.286166728,-0.058976229,0.455814362,0.53304255,0.106246062,0.379787832,0.515881002,-0.10609813,0.62339735,0.491105229,0.005562426,0.530159831,0.374680907,-0.18346639,0.646648645,0.517279744,-0.083334826,0.657482684,0.50760901,-0.273796678,0.647850215,0.533570945,-0.09323854,0.656068683,0.519138277,-0.278533995,0.704754174,0.492845148,-0.150522858,0.716800928,0.481537461,-0.31368959,2,64
6,0.494766623,0.292624414,0.08056695,0.503928065,0.269977182,0.056270573,0.509493589,0.271007746,0.056293618,0.514341295,0.269876152,0.0563844,0.490171164,0.269659221,0.090414681,0.485705644,0.269153148,0.090457402,0.480794042,0.268227547,0.090345837,0.531414568,0.273404032,-0.018564204,0.487826467,0.270665228,0.128861368,0.507984698,0.316532731,0.051463202,0.4891029,0.317411453,0.096507974,0.559914529,0.365256995,-0.124162756,0.512360752,0.36412546,0.175018251,0.614026666,0.312267721,-0.315063924,0.492783636,0.411147922,0.208881989,0.583919287,0.353570163,-0.348441392,0.422286004,0.461883098,0.156543493,0.574953258,0.357824504,-0.401842803,0.397791982,0.473334521,0.144668698,0.563876987,0.373331815,-0.382787079,0.401755065,0.484837025,0.101971366,0.565184176,0.372058719,-0.345597267,0.410464495,0.482380599,0.136126831,0.584614336,0.755444109,-0.086998999,0.530319452,0.706395686,0.087470524,0.492440879,0.729912996,-0.13504757,0.493018776,0.588098705,0.27725786,0.281908214,0.750840425,0.194292918,0.434706002,0.686044097,0.335954458,0.262372404,0.766775668,0.234039724,0.432332695,0.621934295,0.341886282,0.337882161,0.676967025,0.271760166,0.368538678,0.63885653,0.320563138,2,42
7,0.44744879,0.243945971,0.156393722,0.451047897,0.236652792,0.175878868,0.452907741,0.237185955,0.175675929,0.454625756,0.236788213,0.175635591,0.443251133,0.236200288,0.159750327,0.43759051,0.235738501,0.159784824,0.433334112,0.235246137,0.159591436,0.449759901,0.239956081,0.279271275,0.416014284,0.235411778,0.201042697,0.448016852,0.260434061,0.195156172,0.435507566,0.261556953,0.172766715,0.476897091,0.286137432,0.284641773,0.348318964,0.239064306,0.123147219,0.519396603,0.35551247,0.146950647,0.318837732,0.244463071,-0.169598073,0.548276126,0.350022405,-0.167868778,0.431980819,0.299078882,-0.376498699,0.55654043,0.340462923,-0.207592577,0.46520102,0.299332529,-0.423887193,0.551571906,0.343428195,-0.225881234,0.465201885,0.294921905,-0.393505096,0.561089098,0.348735511,-0.183065698,0.458944201,0.290727645,-0.367356092,0.462452382,0.517953753,0.070564844,0.394028604,0.50751406,-0.070415512,0.560841799,0.476215452,-0.180842191,0.462600768,0.410372674,-0.257131755,0.665564179,0.503236711,-0.371102661,0.639217675,0.473429501,-0.408113688,0.673419118,0.517745674,-0.396387547,0.650323749,0.470803082,-0.423790723,0.73843807,0.490695626,-0.531056881,0.724264324,0.449572802,-0.521330595,3,13
8,0.495476633,0.297547191,0.016478209,0.506512642,0.277502835,0.001268915,0.512455106,0.276693583,0.001329458,0.518171489,0.275695503,0.001451417,0.494927883,0.277517438,0.03140926,0.491934717,0.276589543,0.031474192,0.489637405,0.275560021,0.031418186,0.537798584,0.283081859,-0.048645146,0.503024042,0.273552358,0.101204179,0.509968817,0.324311346,0.00117244,0.493536621,0.324154794,0.042340379,0.565600097,0.356374234,-0.14957495,0.526794612,0.361772746,0.130183905,0.631174564,0.316744238,-0.378725708,0.420641333,0.373451561,0.13076511,0.588777602,0.362990141,-0.495943785,0.312407315,0.550293088,0.081144996,0.5757038,0.378849357,-0.548585773,0.268512279,0.593281507,0.096367471,0.56712544,0.385894477,-0.515202701,0.269430637,0.576516211,0.04120053,0.569543302,0.389784276,-0.488228858,0.284427285,0.559910953,0.057843596,0.592682958,0.764540792,-0.102589056,0.574781358,0.724809229,0.10316465,0.45764643,0.778245747,-0.246294528,0.473664224,0.608784318,0.317737758,0.261006415,0.763663769,-0.117467776,0.42289117,0.688460112,0.41902414,0.231930912,0.779978395,-0.093664333,0.414573044,0.725978255,0.427181572,0.173457682,0.681379735,-0.108503871,0.316846579,0.645605206,0.393841147,5,34
9,0.438265145,0.229714751,0.155994624,0.443686992,0.229468852,0.175091848,0.444776088,0.230383143,0.174944565,0.445781738,0.230836377,0.174955323,0.43762514,0.228347421,0.167403057,0.435108185,0.228712991,0.16747275,0.432266533,0.228898838,0.167244032,0.444527596,0.239192307,0.263788402,0.420102596,0.233412594,0.224352986,0.438775629,0.248782575,0.187328488,0.431601107,0.246992499,0.175714195,0.483061403,0.293024272,0.253224343,0.361860305,0.250444502,0.148988321,0.51220578,0.354376227,0.152002603,0.313574791,0.231184036,-0.092684716,0.560812593,0.367533922,-0.098117456,0.419918239,0.289624125,-0.303127855,0.553393543,0.359368324,-0.125920698,0.445264965,0.29469654,-0.346246928,0.571642518,0.365897149,-0.142464235,0.456365556,0.288446307,-0.317096055,0.563149571,0.36770454,-0.11027272,0.441157371,0.291268229,-0.295693368,0.463088363,0.52058816,0.040610474,0.40429759,0.519759119,-0.040530775,0.522519886,0.475393683,-0.166058153,0.469206899,0.418736964,-0.207272619,0.675125003,0.485834301,-0.295800358,0.644606769,0.454837322,-0.299123079,0.681284726,0.503022134,-0.312618434,0.659076035,0.460160077,-0.308262974,0.725840271,0.474391311,-0.419141442,0.712866962,0.445331424,-0.378161877,1,55
10,0.499059111,0.298750579,-0.024127437,0.511841118,0.277512342,-0.05003462,0.51872915,0.277491719,-0.04992028,0.525808811,0.277064264,-0.049776576,0.499856055,0.276361734,-0.005925893,0.498061091,0.275680393,-0.005806802,0.496369809,0.274699092,-0.005788165,0.548259079,0.283620566,-0.082741842,0.513113737,0.278548479,0.081970327,0.517660618,0.326803803,-0.051576775,0.500717163,0.325391769,0.005660764,0.579098046,0.355932832,-0.168793663,0.515573263,0.38969329,0.138958052,0.610336959,0.306640327,-0.460073769,0.396027565,0.476031512,0.122617304,0.59748745,0.361466199,-0.57810998,0.332632124,0.555168092,0.095149092,0.589717686,0.406194925,-0.637747049,0.376344264,0.584543824,0.121580258,0.589336395,0.396212906,-0.580331445,0.359981537,0.595263124,0.061571792,0.588771164,0.396018535,-0.556485653,0.424075156,0.588909566,0.072566532,0.606449246,0.780479908,-0.111003354,0.587982953,0.738172412,0.111563645,0.444960117,0.812182844,-0.272240072,0.473659694,0.626926064,0.378149301,0.241915002,0.788626373,-0.1834286,0.414078444,0.727183282,0.510638714,0.211910903,0.808908761,-0.164051041,0.412152678,0.766735554,0.523558617,0.141218066,0.700662553,-0.192881078,0.330417067,0.671884596,0.496732384,4,76
11,0.441904873,0.228706166,0.212167367,0.448484331,0.22978659,0.240105346,0.450609028,0.231172994,0.239989325,0.452501863,0.231780007,0.240047663,0.440128088,0.226859689,0.224020004,0.436552376,0.226605132,0.224067643,0.432603598,0.226092443,0.22385186,0.450813025,0.239629269,0.358397186,0.420349836,0.231937855,0.279946655,0.443330526,0.247151747,0.253096342,0.43200627,0.243307084,0.230361298,0.481127977,0.292578846,0.370966673,0.362148494,0.239560306,0.170562685,0.52055788,0.389136374,0.290438622,0.320122182,0.241465211,-0.118462399,0.582170129,0.425336003,0.022249339,0.440178961,0.300940275,-0.352575064,0.618376374,0.449191779,-0.007382166,0.478986114,0.304920256,-0.399446189,0.616703451,0.428311408,-0.03424884,0.487153292,0.300272167,-0.369388342,0.614728868,0.429725915,0.004231823,0.472268313,0.292508066,-0.343895167,0.466046125,0.51190573,0.074044041,0.400826067,0.501027763,-0.073871307,0.535912991,0.424274176,-0.204199329,0.47324723,0.33859387,-0.280739635,0.656771898,0.471373111,-0.4048087,0.64928025,0.394942582,-0.457018465,0.660446644,0.489305347,-0.430015117,0.665467262,0.411593467,-0.475308508,0.716427147,0.464467466,-0.550340414,0.714169562,0.433709413,-0.568454146,2,54
12,0.502963424,0.304066181,-0.220076472,0.514740467,0.279972374,-0.1124276,0.521382928,0.280016422,-0.113100119,0.528134942,0.279607236,-0.113680542,0.50315702,0.277769953,-0.181866929,0.501231313,0.276253343,-0.18174614,0.499379069,0.274220854,-0.181839451,0.551857412,0.285537511,-0.198298991,0.516692102,0.279112726,0.075993188,0.521652877,0.329419851,0.06614396,0.504813075,0.329844058,-0.157370865,0.607310176,0.351309001,-0.27017504,0.499200225,0.408394724,0.005658089,0.717044055,0.237135515,-0.646779537,0.384889483,0.516610742,0.006626648,0.608104885,0.345058203,-0.697863936,0.306897491,0.609322667,-0.000963642,0.622589231,0.372268826,-0.790513694,0.256404251,0.647478402,0.028757775,0.599506617,0.3906627,-0.581831694,0.258637011,0.653284609,-0.030267809,0.603695929,0.390052825,-0.597239316,0.27618131,0.643382311,-0.022589857,0.619000852,0.782221913,-0.120018624,0.58530122,0.747535825,0.120454781,0.444989532,0.800587356,-0.293240339,0.472276568,0.67595613,0.419753581,0.239137903,0.796099365,-0.436659187,0.344305217,0.75663954,0.603914738,0.211748943,0.819013894,-0.442110986,0.36215809,0.796730757,0.620400369,0.149761543,0.709235966,-0.532588959,0.268494487,0.691395879,0.593004227,4,34
13,0.440872848,0.223371118,0.201624691,0.446863055,0.226179719,0.226898357,0.449192286,0.227448255,0.226700336,0.450141549,0.227700174,0.226649866,0.442775995,0.222991511,0.211789697,0.440445185,0.222249717,0.211852744,0.437834442,0.22094442,0.211671233,0.446989387,0.235050529,0.314578027,0.426083952,0.22503829,0.25049898,0.437963545,0.240611434,0.234595537,0.43094933,0.230452091,0.21169731,0.450406402,0.288178742,0.312319547,0.361740172,0.232131988,0.135951281,0.502846777,0.389201313,0.242445245,0.342459708,0.235306844,-0.109151177,0.587392926,0.441121966,0.007981216,0.457089901,0.290859967,-0.306883126,0.608352244,0.445071846,-0.013055513,0.493390113,0.301116467,-0.345935464,0.625229895,0.446865678,-0.038851187,0.491750211,0.296634883,-0.32096231,0.606821656,0.444831401,-0.007510508,0.48626551,0.299343646,-0.299801022,0.448691159,0.515369952,0.059005428,0.404223412,0.492351562,-0.058772322,0.534947872,0.499101311,-0.125249416,0.486827224,0.417330682,-0.218218341,0.658701718,0.486120611,-0.252736121,0.659387887,0.394138992,-0.315543115,0.665367782,0.499851733,-0.253025353,0.644653916,0.447761834,-0.326395541,0.711902797,0.471079886,-0.352753162,0.698714614,0.431574523,-0.419230402,5,76
14,0.502647877,0.305877566,-0.093767509,0.513758063,0.28138721,-0.103563853,0.520144999,0.280678749,-0.103486232,0.526562095,0.279590607,-0.103381641,0.503956079,0.28090772,-0.068307482,0.502692699,0.279757261,-0.068225697,0.501517057,0.27807793,-0.068263546,0.551272571,0.283989221,-0.131586596,0.522314787,0.280343205,0.036791064,0.520505428,0.329608977,-0.103295319,0.505609393,0.329961956,-0.055053536,0.608056486,0.352624863,-0.216513366,0.5139305,0.405433893,0.09737654,0.723771989,0.227428615,-0.521673441,0.391088367,0.522852898,0.104227513,0.614325047,0.338745892,-0.714302242,0.289646596,0.617647529,0.076288544,0.614974439,0.367435306,-0.769050837,0.248560011,0.65549165,0.105231591,0.601205945,0.381673485,-0.728905201,0.251911759,0.654766679,0.039149631,0.601491213,0.386346966,-0.704217136,0.267884821,0.645656943,0.051234916,0.617283225,0.790012896,-0.125909507,0.586488307,0.736769199,0.126535699,0.445535809,0.820962429,-0.354831785,0.471761584,0.638215601,0.414185584,0.242289588,0.801354587,-0.266226768,0.309603035,0.736130834,0.556120634,0.211445943,0.825529814,-0.251582742,0.300075233,0.780395627,0.568352461,0.184504405,0.719209254,-0.293553054,0.241226047,0.6728701,0.543725789,0,45
15,0.441069603,0.224144042,0.155588418,0.446575105,0.227598056,0.170189321,0.448200107,0.228751734,0.17000027,0.448763996,0.228952408,0.169964284,0.443928987,0.225072309,0.162253261,0.442206889,0.224894404,0.162342519,0.440184832,0.224347651,0.162184447,0.445762098,0.236008152,0.232572645,0.429997504,0.230646849,0.193115026,0.436975807,0.241715968,0.176781654,0.431732327,0.231536254,0.165096566,0.446582794,0.286417097,0.226767823,0.365561575,0.236147821,0.107252955,0.49156487,0.380200773,0.158904165,0.347285211,0.244613782,-0.113882139,0.562821865,0.377728134,-0.059516668,0.456332922,0.290390223,-0.295080274,0.585742891,0.380925506,-0.08242064,0.493840516,0.299555123,-0.333163232,0.586802661,0.372177303,-0.101680003,0.491942942,0.295596987,-0.310994148,0.577545524,0.374062419,-0.071832091,0.482296497,0.284017235,-0.289142698,0.442314178,0.516674042,0.044231907,0.410874844,0.505884111,-0.044063319,0.529896617,0.503015757,-0.093419679,0.490271151,0.450350016,-0.142829239,0.659864187,0.482037991,-0.162244916,0.644582093,0.445009232,-0.194595411,0.667142987,0.496351749,-0.177285746,0.662821352,0.446284384,-0.200905398,0.72588855,0.480217606,-0.254269123,0.71240449,0.427390546,-0.279486239,4,34
16,0.503684878,0.307608813,-0.058068465,0.514657438,0.283469409,-0.07632529,0.520856261,0.282701254,-0.076224007,0.526889682,0.281618536,-0.076075576,0.504313409,0.283286899,-0.042387038,0.502807856,0.28230691,-0.042308446,0.501388848,0.280933946,-0.042322367,0.549120069,0.285720319,-0.136670768,0.520822585,0.283955932,0.025944276,0.521158457,0.331349283,-0.07719709,0.505731106,0.331881136,-0.030867832,0.592996657,0.355217099,-0.223402262,0.530027449,0.402841002,0.084363565,0.712337077,0.23730208,-0.501721978,0.397577912,0.52709949,0.112814978,0.609186471,0.33867529,-0.713594675,0.290469795,0.613942444,0.097284712,0.60537374,0.383462638,-0.776000202,0.245762035,0.652385056,0.125252098,0.586828411,0.384007037,-0.74180311,0.251337528,0.655751228,0.051872861,0.588653088,0.383744031,-0.706295967,0.267453402,0.645330071,0.07053332,0.616996884,0.788361907,-0.122036181,0.597618163,0.742752492,0.1226307,0.446552724,0.828254044,-0.375175357,0.47471559,0.645191431,0.425769061,0.24024345,0.803460419,-0.236662552,0.339740038,0.723245621,0.569949448,0.20854573,0.82141012,-0.23436524,0.348607749,0.780898392,0.583417118,0.175220475,0.715472221,-0.27099663,0.257921696,0.656593621,0.571715891,3,65
17,0.439631879,0.22835058,0.087957732,0.447538793,0.227931663,0.123663396,0.45124048,0.229677543,0.123511337,0.454424053,0.23070614,0.123455919,0.436407924,0.225946918,0.102920905,0.431374133,0.226696357,0.102981187,0.426446885,0.227717683,0.102817096,0.453118056,0.239738956,0.285985291,0.415105373,0.238773271,0.18695727,0.443250924,0.248215601,0.146761343,0.427443802,0.246297345,0.118248276,0.488041997,0.289234579,0.335606217,0.352308154,0.247040406,0.118063591,0.526475132,0.382191539,0.291423082,0.30599159,0.253249079,-0.105642073,0.593940735,0.422114104,0.035852868,0.427724719,0.301202148,-0.313884169,0.629772961,0.443596691,0.007290401,0.463678151,0.306887925,-0.36381191,0.641769886,0.431170404,-0.029728325,0.471438527,0.294451296,-0.339104384,0.623333216,0.429136783,0.014511968,0.457187086,0.298118562,-0.307066619,0.47616908,0.510678709,0.078738064,0.395727068,0.506774127,-0.078465909,0.57510668,0.45912084,-0.204852954,0.483613491,0.372169256,-0.32431823,0.667179525,0.498124748,-0.410675824,0.631463885,0.453562111,-0.489062428,0.672669172,0.517948031,-0.439098686,0.647721887,0.472716957,-0.505937994,0.727027416,0.475713253,-0.594120145,0.698154092,0.436846912,-0.61582768,5,34
18,0.501346529,0.307073236,0.030894062,0.512488425,0.28217414,0.005033432,0.518975794,0.281826466,0.005110571,0.52544874,0.281282485,0.005215109,0.500748515,0.282149404,0.038290408,0.498705834,0.281684905,0.038410176,0.496898383,0.28114301,0.038383938,0.548410714,0.287138373,-0.089372635,0.517945886,0.287138999,0.069567643,0.519762039,0.331524104,0.001263162,0.503063858,0.334121138,0.046206616,0.558177233,0.376711875,-0.205042392,0.543585539,0.398187757,0.12949951,0.630743086,0.321572542,-0.41791001,0.393968701,0.515014589,0.150506213,0.590723515,0.381272316,-0.549781799,0.295248687,0.606630325,0.157673895,0.587857902,0.441340327,-0.605118513,0.25396961,0.63978368,0.186560839,0.632675827,0.430526912,-0.574513197,0.257300794,0.646722078,0.107375987,0.609512568,0.427060157,-0.541304171,0.274544656,0.638751328,0.128130406,0.610863328,0.787071764,-0.124200717,0.598213077,0.750085115,0.12473613,0.448672205,0.821650863,-0.326473981,0.488567501,0.659959853,0.380251795,0.239123955,0.797001719,-0.164728209,0.328412026,0.750395477,0.487769216,0.206065938,0.811388433,-0.145714611,0.340476304,0.793971241,0.498753786,0.142896339,0.684198618,-0.139771,0.257424265,0.672643125,0.504775226,3,54
19,0.447910279,0.233658537,0.115416408,0.455115348,0.232264847,0.143167689,0.458228767,0.234159052,0.142997012,0.461033493,0.235455215,0.142935172,0.443086684,0.22441268,0.125079542,0.438325167,0.224031106,0.125108078,0.432540834,0.223424315,0.12493816,0.459335029,0.245714769,0.272738874,0.420920551,0.235743985,0.185531378,0.449485272,0.248904586,0.162182644,0.434296697,0.24601154,0.137107342,0.483684063,0.313503861,0.314729512,0.352090806,0.247592866,0.105927758,0.533699512,0.413443357,0.266518474,0.317769378,0.248427674,-0.150555819,0.613516629,0.451850086,0.011956757,0.447089612,0.29420951,-0.351881981,0.639623404,0.458242804,-0.020127594,0.483637989,0.305904925,-0.398478359,0.647198021,0.456910968,-0.049846068,0.480604112,0.290237039,-0.373449296,0.637559593,0.445799947,-0.006791088,0.47347635,0.293423712,-0.3450813,0.461903244,0.5259251,0.07887429,0.392317891,0.504355013,-0.078605674,0.553216577,0.476469934,-0.207777113,0.486357868,0.373390228,-0.308314085,0.66792798,0.49049139,-0.385273933,0.634872139,0.459015369,-0.476824582,0.676238596,0.505248487,-0.410463005,0.647579193,0.461124659,-0.494956046,0.717317045,0.467525184,-0.55284667,0.704754651,0.442399651,-0.607435584,2,12
20,0.500823021,0.306335837,0.015091309,0.512012839,0.282678783,-0.006782234,0.518423915,0.282659322,-0.006700026,0.524846733,0.282462925,-0.006564842,0.50058949,0.280001462,0.022079786,0.498896211,0.279171437,0.022205329,0.497218519,0.277998507,0.022196466,0.547633886,0.290599734,-0.085265212,0.519461155,0.284506708,0.055923916,0.519376099,0.329747945,-0.008934215,0.503590286,0.331917763,0.030394141,0.571298718,0.374673605,-0.19607076,0.53364408,0.395534933,0.104310401,0.633414328,0.31209141,-0.394237727,0.397624671,0.511096776,0.141943663,0.621546268,0.367732018,-0.497621179,0.298461378,0.603297651,0.114554353,0.662603498,0.409285575,-0.547935963,0.25955683,0.638634205,0.137926504,0.595391273,0.420300692,-0.522280633,0.26218152,0.645142198,0.063628733,0.614858747,0.414110154,-0.491140306,0.278914869,0.635851383,0.086966485,0.607595205,0.788407028,-0.116941333,0.597458601,0.749623656,0.117465138,0.44795385,0.817902803,-0.339238763,0.48093152,0.645719528,0.391738564,0.244516477,0.788629293,-0.301291287,0.352740318,0.751277983,0.510852695,0.21073243,0.809118807,-0.241355672,0.355034322,0.795410037,0.524329424,0.141680211,0.675666988,-0.230419591,0.271230489,0.672960758,0.535429418,1,32
21,0.4510445,0.238717645,0.099138878,0.457467288,0.235716864,0.129951432,0.460261583,0.23756294,0.129728377,0.462872207,0.239020184,0.129605725,0.446158379,0.228338048,0.108853005,0.441639721,0.227772579,0.108884484,0.436039686,0.226868272,0.108743384,0.458858997,0.248907477,0.274848759,0.421383411,0.235154822,0.174545825,0.452377856,0.259160131,0.15207082,0.43696934,0.251961261,0.123188578,0.472043991,0.313365191,0.339405268,0.348889112,0.237950504,0.094411887,0.527887404,0.400531918,0.28397122,0.328534931,0.257489651,-0.140691087,0.601595342,0.434745669,0.015539476,0.451146185,0.297733158,-0.322712183,0.624184072,0.438851058,-0.017431861,0.475477219,0.298873782,-0.371295691,0.631249666,0.424082339,-0.047720507,0.482444704,0.292503208,-0.347454429,0.613264382,0.419715255,-0.00382951,0.476002902,0.295586616,-0.316094279,0.449796379,0.531089723,0.098246187,0.384543806,0.503283322,-0.097915925,0.576298594,0.50781399,-0.170528963,0.512393951,0.386274099,-0.307251126,0.689164519,0.514037788,-0.359511971,0.653693497,0.467985123,-0.487223476,0.691039264,0.531781375,-0.385246307,0.671472549,0.482292145,-0.507882416,0.742981374,0.461603373,-0.545008004,0.717932701,0.439676017,-0.639960051,2,43
22,0.503009439,0.306777894,-0.07542643,0.514569223,0.283623993,-0.109617166,0.521277666,0.283832073,-0.109479561,0.528106332,0.283945173,-0.109327957,0.502777278,0.280897766,-0.062896334,0.500849068,0.280108392,-0.062781446,0.498935074,0.279012769,-0.062725924,0.550671399,0.292382002,-0.137707904,0.516978383,0.284374923,0.017194124,0.52134037,0.332772046,-0.110343359,0.504566848,0.332655072,-0.05144006,0.59447825,0.363418102,-0.226855218,0.505099773,0.406327188,0.077350304,0.695193291,0.252527952,-0.545805991,0.39098087,0.516880691,0.094402537,0.62171042,0.354620099,-0.757822514,0.293423921,0.609331071,0.080104902,0.609280407,0.392288774,-0.820563018,0.250119746,0.649478436,0.108304672,0.590840936,0.400271356,-0.780708015,0.255824834,0.650227129,0.041196518,0.598517358,0.396899104,-0.74848026,0.271955878,0.640771508,0.055590358,0.613514483,0.78508687,-0.120081499,0.590444505,0.751120925,0.12054909,0.45696038,0.814571261,-0.372249156,0.485023022,0.662038267,0.415183365,0.247295395,0.799228966,-0.365456402,0.321152568,0.761673391,0.561310947,0.219704673,0.818220317,-0.359342545,0.334634542,0.79296416,0.575031579,0.182015166,0.697401762,-0.407470793,0.246298581,0.679026306,0.561827242,4,54
23,0.452676266,0.239705145,0.144126609,0.45712629,0.23121421,0.179310665,0.461660445,0.236106381,0.179098412,0.464314371,0.237426192,0.17903474,0.446715057,0.228576958,0.15480347,0.440692902,0.227759361,0.154803663,0.435311019,0.226900294,0.15462406,0.459226847,0.247496307,0.335316151,0.416982144,0.23046796,0.220418066,0.453162223,0.25628534,0.200434402,0.437413424,0.254150182,0.167206153,0.472750872,0.309081137,0.387453169,0.342744797,0.242582142,0.113146372,0.510957479,0.40594992,0.312096745,0.318734199,0.255935729,-0.10986425,0.590785503,0.416447699,0.028280417,0.451550514,0.300064564,-0.258629978,0.596462309,0.436552465,-0.007495066,0.484222591,0.300908536,-0.300229967,0.60522145,0.417962253,-0.036177378,0.485011369,0.289209247,-0.27579844,0.586159706,0.413748384,0.008755676,0.477437317,0.291868299,-0.249659479,0.459292859,0.531915009,0.101846799,0.382107675,0.506111145,-0.101517335,0.559241831,0.4848243,-0.189057902,0.472863317,0.380954593,-0.321336657,0.677440822,0.516237915,-0.449566603,0.657787263,0.481775254,-0.568949819,0.684557498,0.537464797,-0.483974963,0.67179215,0.497066408,-0.595307291,0.734565079,0.466414362,-0.631126642,0.728822589,0.438816428,-0.710567534,3,65
24,0.49970147,0.303622782,0.125340447,0.510181963,0.279070318,0.093052447,0.517055213,0.281397462,0.09311749,0.523306727,0.281590194,0.093241505,0.498792559,0.27853021,0.1181328,0.496261984,0.277556866,0.118306935,0.494313896,0.276414514,0.118247002,0.543454111,0.290419638,-0.02683582,0.512123764,0.279368669,0.092600226,0.516383588,0.327449739,0.086894102,0.500125885,0.329002917,0.12046957,0.553437352,0.398527503,-0.176775724,0.406083167,0.372389108,0.107122913,0.576483488,0.362932295,-0.321806699,0.51057291,0.428755134,0.129725084,0.546296537,0.442868024,-0.347746909,0.362244457,0.563687325,0.121012449,0.542798042,0.472450823,-0.383988142,0.354438752,0.5348382,0.145869255,0.551997602,0.448033959,-0.368745208,0.356266201,0.554432213,0.083263062,0.553503633,0.442348629,-0.343746632,0.370324016,0.548750222,0.097863011,0.597616374,0.77750963,-0.108515225,0.587894797,0.738551259,0.108945906,0.457559645,0.80345422,-0.269125044,0.473940283,0.625179648,0.313416034,0.249424472,0.786758542,-0.101042517,0.374622643,0.746688068,0.340387285,0.220707625,0.807172894,-0.076297857,0.368398607,0.785524905,0.344353795,0.18862547,0.688157022,-0.028485553,0.273153782,0.665817022,0.371467531,2,76
25,0.453084975,0.238094643,0.165934846,0.457811177,0.229369804,0.202432975,0.461392015,0.231119126,0.202265486,0.463908076,0.232022271,0.202270269,0.446908832,0.227177322,0.178308189,0.440447092,0.226401106,0.17830579,0.434697419,0.225813642,0.178117335,0.459971547,0.246776223,0.364426911,0.416797876,0.23006767,0.249405742,0.454114825,0.255621791,0.223699987,0.437195987,0.25366348,0.190840676,0.481470048,0.320326805,0.415667146,0.342968732,0.243602827,0.136388943,0.518639624,0.411292851,0.341400266,0.324042499,0.258370608,-0.098929286,0.565780699,0.422222137,0.061878264,0.455063015,0.296462059,-0.253833324,0.605492532,0.445382416,0.025600838,0.487035304,0.299033284,-0.296278417,0.60339272,0.42434451,-0.003911859,0.494554281,0.293566525,-0.272825509,0.58211273,0.420018882,0.041807719,0.481143534,0.289321154,-0.245240137,0.465553492,0.540688455,0.108576983,0.390191227,0.511511862,-0.108216695,0.5736413,0.460940927,-0.174732149,0.507647455,0.342934698,-0.337684125,0.673618078,0.502579689,-0.459569901,0.655338943,0.471058071,-0.611394763,0.683244705,0.539343894,-0.497976214,0.671769142,0.498305768,-0.640288353,0.732833385,0.455589205,-0.64050591,0.730190396,0.437884301,-0.752965987,1,45
